url,status,found_emails,found_phones,found_osoby,ico,jurisdiction,error_reason
https://www.candyloco.sk/,OK,info@candyloco.sk,0905563489,,4,SK,
https://kktky.sk/,OK,info@kktky.sk,,,,SK,
https://www.floraobal.sk/,OK,maros.pastorek@floraobal.sk,,,5,SK,
https://www.bala21.cz/,OK,"info@bala21.cz, daniel.stanik@bala21.cz, spotrebitel@regio.cz","+420 603 223 221, +420 720 277 921, +420 296 366 360, +420 495 215 266",,,CZ,
https://www.lavanda.sk/,OK,lavanda@lavanda.sk,"+421 903 715 099, +421 903 715 094",Beata Štrbová|Konateľ|5,4,SK,
https://capkov.cz/,OK,info@capkov.cz,+420775942933,,,CZ,
https://www.wilsondo.sk/,OK,"info@wilsondo.sk, sales@wilsondo.sk, matus.ciernik@wilsondo.sk, martin.fodora@wilsondo.sk, gdpr@wilsondo.sk","02/222 007 01, 00421222200701, +421 904 650 177",Matúš Čiernik|sales|5,4,SK,
https://scanquilt.sk/,OK,eshop@scanquilt.sk,"0905 879 414, +421 905 879 414",,3,SK,
https://www.inspio.sk/,OK,"info@inspio.sk, cooperation@inspio.info","+421232179940, 200 201 202, 203 204 205, 206 207 208, 209 210 211",,5,SK,
https://www.sedooz.sk/,OK,"sedooz@sedooz.sk, statny.dozor@pdp.gov.sk","+421 904 530 656, +420737096601, 02/ 58272 172, 02/58272 104",Peter Ďurák|CEO|7,4,SK,
https://www.tuli.sk/,OK,info@tuli.sk,"+421 917 989 343, 02/ 58272 172, 02/58272 104",Kupujúci Podnikateľ|majiteľ|3,4,SK,
https://www.mojsvet.eu/,OK,"info@mojsvet.eu, eshop@mojsvet.eu","+421905405756, 54366003, 36631124, 48136999, 47866233",Nové Mesto|majiteľ|3,0,SK,
https://www.ferex.sk/,OK,"info@ferex.sk, statny.dozor@pdp.gov.sk","+421918222229, 0918 222 229, 0918222228, 50 010 301",Ernesta Bielika|zakladateľa|3,4,SK,
https://www.dajlabku.sk/,OK,"kontakt@dajlabku.sk, petbelle@petbelle.com","+421 911 900 009, 0911 900 009",Liptovskej Porúbky|majiteľ|3,5,SK,
https://www.medaren.sk/,OK,obchod@medaren.sk,"+421905856753, +421915183450, 02/58272 159, 02/58272 172, 02/58272 104",,4,SK,
https://www.ebabo.sk/,OK,info@ebabo.sk,+421 918 632 966,,4,SK,
https://babyknihy.sk/,OK,kontakt@babyknihy.sk,"+421948061500, 00421948061500, 53 146/152",,4,SK,
https://elmishop.sk/,OK,info@elmishop.sk,+421 907 581 791,Erika Matulová||4,3,SK,
https://www.minilove.sk/,OK,info@minilove.sk,"+421903928140, +421918852036, 037-001-6536, 037-001-6700, 037-001-6815",,5,SK,
https://www.isexshop.sk/,OK,info@isexshop.sk,0944393713,Roman Melíšek|konateľ|3,4,SK,
https://www.ruzovyslon.sk/,OK,ahoj@ruzovyslon.sk,"+421 277 270 005, +420 596 810 697, 28642317",Adam Durčák|Majiteľ|5,,CZ,
https://superlove.sk/,OK,"info@superlove.sk, info@e-kondomy.cz","0949 171 697, 29361419, 608 655 001",Tag Manager|Manager|3,,CZ,
https://sensu.sk/,OK,info@sensu.sk,,,,SK,
https://www.eroticcity.sk/,OK,"zasilky@cityrealex.com, obchod@cityrealex.com","902999666, +421902999666, 43859551, 421 902 999",,0,SK,
https://www.eros.sk/,OK,obchod@eros.sk,"+420495532839, 24713371, 24709182, 24709691, 247104330",,,CZ,
https://www.rozkos.sk/,OK,,0905 560 148,,,SK,
https://www.erotickaplaneta.sk/,OK,,,,,SK,
https://www.69shop.sk/,OK,"info@69shop.sk, info@xyz.sk","00421915130618, 0915 130 618",Panax Ginseng|President|3,5,SK,
https://intimshop.sk/,OK,info@intimshop.sk,+421948317755,,,SK,
https://www.kondomshop.sk/,OK,pomoc@kondomshop.sk,"+421 222 205 868, +421 902 394 374, 28642317",Adam Durčák|Manažér|5,4,UNKNOWN,
https://sexshopbratislava.sk/,OK,"info@sexshopbratislava.sk, personalne@opc.sk","0907 670 733, 0907 670 799, 02/ 58272 172, 02/ 58272 170",,4,SK,
https://www.erosstar.cz/,OK,"info@erosstar.cz, marketing@erosstar.cz, brno@erosstar.cz, zdar@erosstar.cz","+420545578536, 545 578 536, 220 812 509",Knieradl Táta|zakladatel|3,,CZ,
https://www.lovesexshop.sk/,OK,"info@lovesexshop.com, info@desirel.com, info@lovesexshop.sk, dpo@topefekt.com, hey@molin.ai","23121076, +420 604 314 944, +421 948 483 365, +421 455 242 500, +421 221 201 135",,2,CZ,
https://www.sexiveci.sk/,OK,"mail.marketing@websol.sk, marketing@websol.sk","+421 905 717573, 0905717573",,4,SK,
https://www.sexposta.sk/,OK,"objednavky@sexposta.sk, info@sexposta.sk, podpora@gopay.cz","0940 719 748, 048/4124693, 25194798, +420 225 331 500, 26046768",,2,CZ,
https://www.slave4master.sk/,OK,info@slave4master.sk,"+421 222 205 937, 28257308",,,CZ,
https://www.eroloveshop.sk/,OK,"eroloveshop@gmail.com, platby-podpora@comgate.cz","+421951259269, +420 228 224 267",Michal Babenský|Konateľ|5,5,SK,
https://www.flagranti.sk/,OK,"ahoj@flagranti.sk, flagranti@flagranti.sk, marketing@flagranti.cz, info@tongabv.com","+421918345016, 222 205 496, 28642317, 24 222 205, +421 222 205 496",,0,CZ,
https://www.eroticcity.cz/,OK,"obchod@cityrealex.com, zasilky@cityrealex.com, cityrealex@cityrealex.com, trusty@cityrealex.com","737221221, +420737221221, 420 737 221, 420 296 338",,,CZ,
https://e-kondomy.cz/en/,OK,info@e-kondomy.cz,608 655 001,Tag Manager|Manager|3,,CZ,
https://www.mhsexshop.com/,OK,obchod@mhsexshop.com,+420608926623,Martin Hrubý|Zakladatelem|5,,CZ,
https://www.sexshop-sexshop.sk/,OK,,,,,SK,
https://www.sexshop-erotic.cz/,OK,"info@sexshop-erotic.cz, reklamace@sexshop-erotic.cz","+420 774 305 098, 774 305 098",Susan Colvinová|majitelka|3,,CZ,
https://www.eshopemanuela.sk/,OK,info@eshopemanuela.sk,+421 905 402 069,,,SK,
https://www.lussy.sk/,OK,"obchod@lussy.sk, vo@lussy.sk","+421915732190, 0915 732 190, 0904290539, 0557056000, 040468 1000",,4,SK,
https://www.sexshops.sk/,OK,info@copyright.sk,+421 911 967436,,,SK,
https://www.desirel.sk/,OK,"info@desirel.com, info@desirel.sk, success@klaviyo.com, hey@molin.ai, info@edognet.hu","+42123302662, 26573898, 23121076, +420 604 314 944, +421 948 483 365",,2,CZ,
https://shop.svadeni.cz/,OK,"obchod@svadeni.cz, pavel.vyklicky@svadeni.cz","+ 420 605 222 189, 420 605 222, 605 222 189",Pavel Vyklický|Jednatel|5,,CZ,
https://www.deeplove.cz/,OK,"info@deeplove.cz, info@fotion.cz, autersky7@gmail.com","+420 720 406 406, 226633669, 24725129, 720 406 406, +420 22 66 336 69",Karel Marha|Ředitel|7,0,UNKNOWN,
https://www.sex-shop69.cz/,OK,"shop@sex-shop69.cz, sklep@sklep69.pl","650056 439, 653144 499, 657273 189, 0505453292, 697 578 102",,,CZ,
https://officeland.sk/,OK,"shop@officeland.sk, gdpr@officeland.sk","+421902456224, +421243632532, 02/ 58272 172, 02/58272 104, 02/ 58272 170",,3,SK,
https://orodian.sk/,OK,obchod@orodian.sk,"+421940640600, 0940 640 600",,5,SK,
https://www.dobrio.sk/,OK,info@dobrio.sk,+421951026258,,4,SK,
https://www.kucerave.sk/,OK,info@kucerave.sk,+421 2 58 27 21 72,Carol Cardoso|majiteľ|3,5,SK,
https://www.ateobaby.sk/,OK,"eshop@ateobaby.sk, eshop@ateocosmetics.sk, info@hanashop.sk","+421 918 627 125, +421 918 570791",Malý Cetín|majiteľ|5,4,SK,
https://www.shapenbarefoot.com/,OK,"info@shapenbarefoot.com, hello@shapenbarefoot.com, wholesale@shapenbarefoot.com","02/ 58272 172, 02/58272 104",,5,SK,
https://www.jezkobezko.sk/,OK,info@jezkobezko.sk,"+421948123802, 800679-001, 800603-006, 800626-002",Ježko Bežko|prevádzkar|3,5,SK,
https://www.belenka.sk/,OK,"info@belenka.sk, info@belenka.com, gdpr@belenka.com","+421 41 321 78 30, 041/7632130",Juraja Fehervariho|CEO|3,5,SK,
https://www.doruzova.sk/,OK,hello@doruzova-studio.com,+421 903 215 871,,,SK,
https://www.bloompress.sk/,OK,info@bloompress.sk,"+421950763241, 0950 763 241",Podunajské Biskupice|majiteľ|3,5,SK,
https://www.waragod.com/,OK,info@waragod.com,"+421 373 217 877, 47056827",,,SK,
https://www.perlicka.sk/,OK,"perlicka@perlicka.sk, info@perlicka.sk, sykora@perlicka.sk, asistentsr@perlicka.sk, asistentcr@perlicka.sk","+421948125346, +421948008556, +421948147741, +421948145541, +420602341560",Nové Mesto|majiteľ|3,5,SK,
https://www.ocircle.sk/,OK,ahoj@ocircle.sk,"0908994113, 201415733, 39796497",,3,SK,
https://wantee.sk/,OK,info@wantee.sk,,Ponožky Pretekár|konateľ|3,4,UNKNOWN,
https://www.mmrybarstvo.sk/,OK,"mmrybarstvo@gmail.com, info@mmrybarstvo.sk, objednavky@mmrybarstvo.sk, reklamacie@mmrybarstvo.sk","+421948565605, 0948 565 605",Fox Specialist|Specialist|3,4,SK,
https://www.elbeza.sk/,OK,"ahoj@elbeza.sk, obchod@elbeza.sk","35000302, 56006-001, 35000269, 35000039, 35000389",,5,SK,
https://www.puzzlemania.sk/,OK,puzzlemania@puzzlemania.sk,"+421 919 137 045, 500 150 160, 250 260 275, 40 320 400, 500 100 120",,4,SK,
https://www.artmie.sk/,OK,"info@artmie.sk, reklamacie@artmie.com, info@maliarskeplatno.sk","+421 57 2225 030, 0918 772 471, 0948 919 677",Valerian Grass|Konateľ|5,3,SK,
https://www.sportzoo.store/,OK,info@sportzoo.store,+421948126655,,,UNKNOWN,
https://fassany.sk/,OK,info@fassany.sk,,,5,SK,
https://www.happyterra.sk/,OK,"objednavky@happyterra.sk, michal@happyterra.sk, info@happyterra.sk","+421 905 201 130, +421918888114, 041/7632139",,4,SK,
https://prevadzkaren.sk/,OK,info@prevadzkaren.sk,"0542028951, 58463 131, 40401 136, 538200 103, 538100 140",Finstat Duklianska|prevadzkar|5,5,SK,
https://www.jutro.sk/,OK,"obchod@jutro.sk, unichem@unichem.si","0948 487 682, +421 948 487 682, 22109560, 807/458 029",,4,SK,
https://www.elektroantos.sk/,OK,"objednavky@elektroantos.sk, predajna@elektroantos.sk, ahoj@elektroantos.sk","+421 903 278 553, +421908759447, 32102702, 32105707, 32105703",Jakub Antoš|Konateľ|5,5,SK,
https://www.madmat.sk/,OK,"objednavky@madmat.sk, madmat@madmat.sk, naradie@madmat.sk","02/4487 1170, 0901 779 419, +421 901 779 419, +421 905 501 856, 602024000",Marek Madarász|Zodpovedný vedúci|5,3,SK,
https://www.imoda.sk/,OK,"ozpo.ke@minv.sk, statny.dozor@pdp.gov.sk, info@imoda.sk, info@isperky.sk, majitel@imoda.sk","29475008, 948 666 665, 02 3231 3214, 0948 666 665",,5,SK,
https://www.4camping.sk/,OK,"objednavky@4camping.sk, reklamace@4camping.sk, reklamacie@4camping.sk, objednavky@4camping.cz","+421221028018, 02/58272 172, 02/58272 104, 02/58272 170",Hannah Founder|Founder|3,2,UNKNOWN,
https://www.4home.sk/,OK,"info@4home.sk, reklamacia@4home.sk","20 512 520, +421 220 512 520",,2,CZ,
https://www.4kids.sk/,OK,"info@4kids.sk, registracie@4kids.sk, reklamacie@4kids.sk, info@4kids.cz, info@zasielkovna.sk","02/3305 6447, 313 129 857, 225 331 500, 218 218 218, 216 216 516",Petr Homolka|Konateľ|3,2,CZ,
https://www.agatinsvet.sk/,OK,"dotazy@agatinsvet.sk, objednavky@agatinsvet.sk, reklamacie@agatinsvet.sk, bratislava@agatinsvet.sk, bratislava.central@agatinsvet.sk","0940 052 867, 0940 776 194, +421 948 048 247, +421 948206652",Kristýna Křížová|zakladateľky|5,2,CZ,
https://www.ahifi.sk/,OK,"info@ahifi.sk, objednavky@ahifi.sk, reklamacie@ahifi.sk","+420607383838, 00420 607 383 838",Česká Republika|majiteľ|3,,CZ,
https://www.ahprofi.sk/,OK,"obchod@ahprofi.sk, reklamace@ahprofi.sk, info@ahprofi.sk, smetana@ahprofi.sk, velisek@ahprofi.sk","+420377542628, 454100120, 454010120, 241100 100, +420603175311",Vladimír Prokop|majiteľ|3,,CZ,
https://eshop.albi.sk/,OK,eshop@albi.sk,"+421 908 720 000, 0908 720 000",,3,UNKNOWN,
https://albumshop.sk/,OK,"info@albumshop.sk, karpex@karpex.cz",,Karol Píry|CEO|7,2,CZ,
https://alinda.sk/,OK,"info@hoppline.eu, info@alinda.sk, info@challengerit.hu, bekelteto.testulet@bkik.hu, info@baranyabekeltetes.hu","+36205610349, 424 144 144, 210 184 187, 20 200 203, 240 241 245",Norbert Tátrai|riaditeľ|5,2,SK,
https://www.altevita.sk/,OK,"obchod@altevita.sk, velkooobchod@altevita.sk, office@altevita.sk, info@altevita.sk","0948 280 711 (9:00 - 14:00), 0948280711",,5,SK,
https://www.ariete.sk/,OK,,,,3,SK,
https://www.armpek.com/,OK,"armpek@armpek.sk, obchod@armpek.sk, fakturacia@armpek.sk, sklad@armpek.sk, predajna@armpek.sk","+421950433903, +421951124114, +421915706161, +421917912332, +421 910 127 252",Peter Kubík|majiteľ|7,4,SK,
https://www.arno-obuv.sk/,OK,"arnoobuv@gmail.com, arno@arno.cz","577 915 036, 773 667 390, +420 577 915 036, +420 773 667 390",Zlín Česká Republika|majiteľ|3,7,CZ,
https://www.astoreo.sk/,OK,astoreo@astoreo.sk,"+421022083955, 02 2083 9556, 20 839 556",,2,CZ,
https://auto123.sk/,OK,info@auto123.sk,"+421905589238, 0905 589 238, 20 200 205, 210 215 220, 240 245 250",Anton Laurenčík|konateľ|5,3,SK,
https://www.autosedacky24.sk/,OK,info@autosedacky24.sk,037/3810711,,4,SK,
https://autozulu.sk/,OK,"info@autozulu.sk, objednavky@autozulu.sk",0948167871,Ľubomír Ferianc|Majiteľ|5,5,SK,
https://www.avita.sk/,OK,"info@avita.sk, statny.dozor@pdp.gov.sk, platby-podpora@comgate.cz","+421 917 606 554, +421 232 780 801, 421 917 606, +420 228 224 267",Klientom Obchodníka|majiteľ|3,5,SK,
https://www.babickarstvo.sk/,OK,"info@babickarstvo.sk, info@familium.sk","+420 725 957 422, +421 221 201 290",Monika Kopřivová|zakladateľka|3,,UNKNOWN,
https://www.babymall.sk/,OK,"babymall@babymall.sk, info@babymall.sk","+420 739 668 252, 27850790, +420 602 281 916, 093858/2010",,,CZ,
https://bagalio.sk/,OK,"info@bagalio.sk, reklamacie@bagalio.sk, info@shopen.cz","+420722933770, 29365252, 722 933 770",,,UNKNOWN,
https://www.balabim.sk/,OK,info@balabim.sk,+421948943399,,5,SK,
https://www.barberservis.sk/,OK,info@barberservis.sk,"+421 910 742 063, 00421910742063, 0910 742 063",,5,SK,
https://www.barebarics.sk/,OK,"info@barebarics.sk, info@belenka.com","+421 41 321 78 30, +421 41 321 78 31, 041/7632130",,5,SK,
https://www.batoharen.sk/,OK,"info@batoharen.sk, poptavka@pixsro.cz","+421 222 205 461, 222 205 461, 47085001, 612130196, 47250001",Vilimova Veľkoobchodná|majiteľ|5,,CZ,
https://beautydepot.sk/,OK,"obchod@beautydepot.sk, ahoj@beautydepot.sk","+421907931588, +421915212719, 0915 212 719",Nové Mesto|majiteľ|3,3,SK,
https://www.bezdoteku.sk/,OK,"info@bezdoteku.sk, bezdoteku.cz@gmail.com, info@bezdoteku.cz","+420 734 160 412, 24195308, +420 739681656, 734160412, +420 776 760 172",Jiří Roháč|konateľ|7,,CZ,
https://bibelot.sk/,OK,"info@bibelot.cz, info@bibelot.sk, obchod@activa.sk","+420286017576, +421 232 777 467, +421 123 456 789, 02/ 58272 172, 02/58272 104",Lewis Edson|Zakladateľ|3,3,SK,
https://www.bio-nechty.sk/,OK,"info@bio-nechty.sk, info@bio-nehty.cz, statny.dozor@pdp.gov.sk, dozor@pdp.gov.sk","+420777075875, +420608737444, 420 777 768, 420 777 075, 777075875",Plachá Majiteľka|Majiteľka|5,,CZ,
https://biocare.sk/,OK,biocare@biocare.sk,"0948900563, +421 948 900 563, +421 903 966 346, 02/ 58272 172, 02/58272 104",,5,SK,
https://www.blancheporte.sk/,ERROR,,,,,,HARD_TIMEOUT_100s
https://www.blendea.sk/,OK,"info@blendea.sk, info@blendea.cz, sona@blendea.cz","+421 917 133 459, +420 608 255 816, 917 133 459, 291932323, 32324411",Peter Chodelka|zakladateľ|3,2,CZ,
https://www.bodyworld.eu/,OK,"info@bodyworld.eu, spotrebitel@regio.cz","+421220620760, +421 917 556 433, 02/ 58272 172, 02/58272 104, +420 296 366 360",,3,SK,
https://www.bohatstvo-prirody.sk/,OK,info@bohatstvo-prirody.sk,"+421948727113, 0517721597",Dermatológia Alergia|manažér|3,5,SK,
https://www.bombazlava.sk/,OK,"info@bombazlava.sk, podpora@bombazlava.sk","0910 147 585, 651 360 136, 562 360 120, 434 360 186",,5,SK,
https://www.bonprix.sk/,OK,,,Manager Akceptujem|Manager|3,,SK,
https://www.brainmarket.sk/,OK,"objednavky@brainmarket.sk, bortlikova@brainmarket.cz, reklamacie@brainmarket.sk, poradenstvo@brainmarket.sk, marketing@brainmarket.cz","+421 222 205 175, +420 555 333 688, 222205175",Jirkovi Máte|zakladateľovi|5,+,CZ,
https://www.brasty.sk/,OK,info@brasty.sk,"00421222205986, 222 205 986",,2,CZ,
https://www.brendon.sk/,OK,info@brendon.sk,0911474722,,3,UNKNOWN,
https://www.brit.sk/,OK,"brit@vafo.cz, marketa@vafo.cz, chovatel.brit@vafo.cz, bonus@vafo.cz, recepce.chrastany@vafo.cz","+420 311 610 610, 420 311 610, +420 601 691 174, +420 607 044 269, +420 722 971 594",Predplatné Mapa|majiteľ|3,,UNKNOWN,
https://www.bruderland.sk/,OK,ahoj@bruderland.sk,+420 735 053 473,,2,CZ,
https://www.bubulakovo.sk/,OK,info@bubulakovo.sk,+421905383904,Daša Kozmérová|Zodpovedný vedúci|3,5,SK,
https://www.budchlap.sk/,OK,info@budchlap.sk,"+421 911 430 429, +421 48 26 01 020",Lukáš Pampurík|Zodpovedná osoba|3,4,SK,
https://bushman.sk/,OK,obchod@bushman.sk,"00421/908767330, 908767330",Tovaru Obchodníkom|Prevádzkar|3,5,SK,
https://www.cannapio.sk/,OK,ahoj@cannapio.sk,+420576776793,,,CZ,
https://carnomed.sk/,OK,"info@carnomed.sk, obchod@carnomed.sk, poradna@carnomed.sk, stanka.durisova@carnomed.sk, maria.karpatova@carnomed.sk","+421 914 336 337, +421 914 336 330, +421 914 336 335, 0914 336 337, 0914 336 330",Štefan Pogány|CEO|5,4,SK,
https://www.cdrmarket.sk/,OK,"obchod@cdrmarket.cz, reklamace@CDRmarket.cz, wholesale@cdrmarket.cz, obchod@cdrmarket.sk, wholesale@cdrmarket.sk","+421 917 858 004, +420 773 484 483, +420 773 574 747",Denis Čišič|majiteľ|5,,CZ,
https://www.cisteoblecenie.sk/,OK,obchod@cisteoblecenie.sk,"+421 22 22 00 227, +421 45 52 42 500, +421 2 32 773 373, +421 221 201 135, +421 910 621 045",Martin Mikuľák|Kontaktná osoba|7,4,SK,
https://www.clovecinahra.sk/,OK,"info@clovecinahra.sk, spolupraca@clovecinahra.sk, Clovecina.hra@gmail.com, info@clovecinahra.sk.Formul, info@clovecinahra.sk.Obchodn","0907617851, +421 907617851, 0902 941 971, 055/7290705, 055/6227655",Juraj Fehervari|CEO|3,5,SK,
https://www.coffeein.sk/,OK,"info@coffeein.sk, kofyno@gmail.com","+421 905 885 644, 22857813, 22750771, 20831615, 0903 559 391",Peter Szabó|zakladateľ|3,4,SK,
https://www.colorway-shop.sk/,OK,podpora@colorway.sk,"+421948167700, 20010004, 23010004",Marcel Čápka|Zodpovedný vedúci|7,4,SK,
https://www.cool-ceny.sk/,OK,info@cool-ceny.cz,+420 608 53 58 52,,,UNKNOWN,
https://www.cool-mania.eu/,OK,"info@cool-mania.eu, p.kovacik@cool-mania.eu, m.bruchanik@cool-mania.eu","+421 940 240 464, +421 907 211 712",Hong Kongu|CEO|3,4,SK,
https://www.cooltopanky.sk/,OK,obchod@cooltopanky.sk,+420734754120,Petr Semotán|Konateľ|3,,CZ,
https://cricksydog.sk/,OK,dobryden@cricksydog.sk,"26616430, +421 455 242 500, +421 268 622 328, +421 221 201 135",Danka Naďová|majiteľ|3,,UNKNOWN,
https://www.dsport.sk/,OK,"dotazy@dsport.sk, ollender@volny.cz, dotazy@d-sport.cz","+420730518352, +420 234 665 111",,+,UNKNOWN,
https://www.dalap.sk/,OK,info@dalap.sk,"0903878089, 20878 089",Odstúpenie Kupujúceho|prevádzkar|3,4,SK,
https://www.decoled.sk/,OK,"info@decoled.sk, info@decoled.cz, podpora@gopay.cz, vstupenky@storyoflights.cz","+421904283991, +421094849041, +421948901212, +420721112211, 904 283 991",Eva Poláčková|Jednateľka|5,,CZ,
https://www.dedoma.sk/,OK,"info@dedoma.sk, objednavka@dedoma.sk","02/330 565 92, 24265403",Lenka Cvejnová|Zodpovedná osoba|3,,CZ,
https://www.decoronline.sk/,OK,info@decoronline.sk,"+420 737 202 279, +420 775 518 075, +420 602 154 224, 720001013",,,CZ,
https://www.dekoria.sk/,OK,"info@dekoria.sk, info@dekoria-home.cz",,Ilustrácie Majiteľ|Majiteľ|3,8,SK,
https://www.dekortextil.sk/,OK,"obchod@dekortextil.sk, web@dekortextil.cz, obchod@dekortextil.cz, sklad@forbyt.cz","+420 774 726 400, 774 726 400",Ďalej Predávajúci|majiteľ|3,2,UNKNOWN,
https://www.dendyshop.sk/,OK,"info@dendyshop.sk, rd@dendyshop.sk, podatelna@ksoud.brn.justice.cz","+421940528058, 28284682, +421 905 596 395, 421 940 528, 421 905 596",,5,UNKNOWN,
https://diablochairs.com/,OK,"info.pl@diablochairs.com, marketing@diablochairs.com","+48684228424, 522638490",,,UNKNOWN,
https://www.dobra-miska.sk/,OK,info@dobra-miska.sk,"+421 948 257 949, +420727821348, 948 257 949",,,UNKNOWN,
https://www.dobrytextil.sk/,OK,obchod@dobrytextil.sk,"+420 608 330 123, +421 222 205 111, 24790141",Dual Trade|Konateľ|5,,UNKNOWN,
https://www.dopplershop.sk/,OK,"prodejna@doppler.cz, predajna@doppler.sk, blanka.trajerova@doppler.cz, denisa.valickova@doppler.cz, natalie.novotna@doppler.cz","386 301 633, +420 386 301 633, 386 301 673, 386 301 611, 386 322 584",Trhové Sviny|majiteľ|5,,CZ,
https://www.drotik-elektro.sk/,OK,objednavky@drotik-elektro.sk,"+421222205125, 25942344",Havlíčkův Brod|majiteľ|3,2,CZ,
https://www.dublez.sk/,OK,"dublez@dublez.sk, obchod@dublez.com","+421 940 604 361, 421 940 604",,4,SK,
https://www.duotex.sk/,OK,duotex@duotex.sk,"0915 882 913, 0911 295 603, 0948 611 885, 0574461855, 0517721597",Podnikateľ Obchodníkovi|majiteľ|3,3,SK,
https://www.e-kovanie.sk/,OK,"info@e-kovanie.sk, info@deokork.cz","+421221201234, 29290775",David Pisarovský|jednatel|3,,CZ,
https://www.e-sportshop.sk/,OK,"obchod@e-sportshop.cz, zuzana.jedlickova@e-sportshop.cz, reklamace@e-sportshop.cz","387411543, 773633973, 602194990, +420 387 411 543, 26098806",Pavel Zeman|Vedúci|5,7,CZ,
https://www.earplugs.sk/,OK,"napiste@earplugs.sk, earplugs@earplugs.sk","+420 731 389 483, +421 731 389 483, 02/ 58272 172, 02/ 58272 170",Dmytro Kudraň|majiteľ|5,,CZ,
https://www.ecomodi.cz/,OK,obchod@ecomodi.cz,+420605848882,,3,CZ,
https://www.elegabags.sk/,OK,"obchod@elega.cz, info@elega.cz, d.valentova@elega.cz, p.sedinova@elega.cz, e.slezakova@elega.cz","+420731655203, +420495593077, +420603876462, +420731717665, 495 593 077",Eva Šedinová|Majiteľka|5,4,CZ,
https://www.elektricke-obojky.sk/,OK,"info@elektricke-obojky.sk, info@elektro-obojky.cz","+420 216 216 106, +421322601057",Antiparazitiká Cestovanie|majiteľ|3,,CZ,
https://www.elektronicky-obojok.sk/,OK,info@elektronicky-obojok.sk,"+421919140160, 02/ 58272 172, 02/ 58272 170",Nie Áno|majiteľ|3,,CZ,
https://www.elu.sk/,OK,"info@elu.sk, statny.dozor@pdp.gov.sk","052/222 02 00, 35041156, 45026404, 45018054",,4,SK,
https://www.emos.sk/,OK,"info@emos.sk, b2b@emos.sk, objednavky@emos.sk, zber@asekol.sk","+421 415 091 614, +421 415 091 610",,3,SK,
https://www.enemiq.sk/,OK,info@enemiq.sk,"+421905069132, 0905 169 032",,5,SK,
https://www.eobal.sk/,OK,"husarik@servisbal.cz, info@eobal.sk, info@eobaly.cz, fouskova@servisbal.cz, automatizace@servisbal.cz","+421222205815, +421948774338, 421 948 774, +420499979797, +420732178103",Michal Kutil|konateľ|3,4,CZ,
https://www.erikafashion.sk/,OK,"info@erikafashion.sk, jan@novak.sk","+421 23332 9767, 774234546",,,CZ,
https://www.estila.sk/,OK,info@estila.sk,"+421 948 818 897, 0948818897",,4,SK,
https://www.ezshop.sk/,OK,"info@ezshop.cz, info@ezshop.sk",+420 725 258 519,,,CZ,
https://fabini.sk/,OK,"jan@fabini.cz, zakaznici@fabini.sk","+421222205161, +420228227216, +420720420142, 725191826",Jan Fabini|zakladateľ|5,6,CZ,
https://sk.factcool.com/,OK,,,Daniel Lopez|CEO|3,,UNKNOWN,
https://www.familium.sk/,OK,"info@familium.sk, info@babickarstvo.sk","+421 221 201 (8:00-16:00), +421 221 201 290",Monika Kopřivová|zakladateľka|3,,CZ,
https://www.feedo.sk/,OK,"feedo@feedo.cz, feedo@feedo.sk, info.servis@ags92.com, kariera@feedo.sk","+421 220 570 888, 48110591, 53 909 453, +421 911 799 466",,,UNKNOWN,
https://fera.sk/,ERROR,,,,,,HARD_TIMEOUT_100s
https://www.fexi.sk/,OK,"info@fexi.sk, ondra@fexi.cz, ondra@fexi.sk","+421222205172, 222 205 172, +421940654405, +420731710753",Ondřej Pekárek|konateľ|5,2,CZ,
https://www.fitami.sk/,OK,"info@fitami.sk, info@fitami.cz","+420774143304, +420 776 601 976",Xiaomi Veľký|majiteľ|3,0,CZ,
https://www.freshlabels.sk/,OK,info@freshlabels.cz,"+420777077700, 22793593",Nové Město|majiteľ|3,,CZ,
https://www.futbalovedarceky.sk/,OK,info@futbalovedarceky.sk,"+421948918817, 50880000",Szucs Všetko|zakladateľ|3,4,SK,
https://www.fusakle.sk/,OK,"objednavky@fusakle.sk, obchodak@fusakle.sk, predavam@fusakle.sk, ram@fusakle.cz","+421911809722, 918-743-531, 950-591-753, 911-809-722, 00421 911 809 722",,4,SK,
https://www.gorillalepidlo.sk/,OK,info@gorillalepidlo.sk,+36-20/2332499,,2,SK,
https://www.gourmetkava.sk/,OK,,+420 296 366 360,Zakladateľ Gourmet|Zakladateľ|3,,CZ,
https://www.healthfactory.sk/,OK,"objednavky@healthfactory.sk, gdpr@healthacademy.cz","+421 919 434 552, 35343264, 35343620, 35343265, 35343683",,,CZ,
https://www.heliumking.sk/,OK,"info@heliumking.sk, predajne@heliumking.sk","02/33070404, +421948632665, +421911159110, +421911154110, 33 070 404",,5,SK,
https://www.herbatica.sk/,OK,"ahoj@herbatica.sk, koobchod@herbatica.sk",+421232112345,Herbatica Herbatica|zakladateľov|3,5,SK,
https://hevisleep.sk/,OK,podpora@hevisleep.sk,+421 951 095 248,,5,SK,
https://eshop.hillvital.eu/,OK,info@hillvitalshop.eu,"0904408548, +421 904 408 548",Zuzana Gontkovič|manager|3,5,SK,
https://www.homa.sk/,OK,"objednavky@homa.sk, homa@homa.sk","00421918301777, +421918301777, 0918 301 777, 28408306, 48 136 999",,3,SK,
https://www.homeandcook.sk/,OK,"shop@homeandcook.sk, GDPR.CE@groupeseb.com","+421 463 211 266, +421 232 199 930, 31341489, 300 349 636, +421 948 926 472",Vlastníkom Obsahu|Vlastník|3,,SK,
https://www.homepoint.sk/,OK,info@homepoint.sk,"+421249205611, +421 238 101 000",Nové Mesto|majiteľ|3,4,SK,
https://www.houseland.sk/,OK,"info@houseland.sk, reklamacie@houseland.sk, spolupraca@houseland.sk",,Marek Stebel|zakladateľ|3,+,UNKNOWN,
https://www.i-living.sk/,OK,service@i-living.cz,+421 233 329 129,,0,CZ,
https://www.i-podlahy.sk/,OK,"info@i-podlahy.sk, david.pisarovsky@deokork.cz, info@deokork.cz","+420777938740, 29290775, +420 572 540 811, 35991010",David Pisarovský|jednatel|3,,CZ,
https://www.i-zahradnynabytok.sk/,OK,"info@i-zahradnynabytok.sk, eva.bartosova@deokork.cz, david.pisarovsky@deokork.cz, info@i-zahradninabytek.cz, info@deokork.cz","+421 221 201 234, +420777938740, 29290775, +420 572 540 811",David Pisarovský|jednatel|3,,CZ,
https://www.idea-nabytok.sk/,OK,e-shop@idea-nabytok.sk,"20900215, 30400225",Richard Kučerovský|ředitel|3,4,SK,
https://www.intimnenakupy.sk/,OK,"info@intimnenakupy.sk, info@2people.sk","+421 905 857 019, 0905 857 019",Veľký Krtíš|majiteľ|3,4,SK,
https://ironaesthetics.sk/,OK,INFO@IRONAESTHETICS.SK,"02 20&nbsp;924&nbsp;522, 20 924 522",,5,SK,
https://www.japitex.sk/,OK,eshop@japitex.sk,"00421944353060, 0944 353 060, +421 908 815 654, +421 944 353 654",Peter Hudec||4,3,SK,
https://www.jeans-shop.sk/,OK,info@jeans-shop.sk,"+420 605 837 535, 094 5401019",,,CZ,
https://www.johnc.sk/,OK,info@johnc.sk,"+421 911 914 575, 911914575",,3,SK,
https://www.jozanek.sk/,OK,jozanek@jozanek.cz,,Jana Gebauerová Havelková|majiteľ|3,,CZ,
https://www.jozko.sk/,OK,"obchod@jozko.sk.sk, info@jozko.sk, zlavaprevas@gmail.com, obchod@jozko.sk","0917 901 314, 0911 199 288",Zákazníkom Prevádzkovateľ|majiteľ|3,5,SK,
https://www.jshop.sk/,ERROR,,,,,,HARD_TIMEOUT_100s
https://www.kabea.sk/,OK,"objednavky@kabea.sk, reklamace@kabea.sk, ahoj@kabea.sk, info@kabea.sk","+420 725 419 680, 462698 160",,,CZ,
https://www.kabelecky.sk/,OK,info@kabelecky.sk,+420732503826,,,CZ,
https://www.kabelka.sk/,OK,"info@kabelka.sk, platby-podpora@comgate.cz","+420777701004, +420731650991, +420228224267",Česky Pre|manažér|3,2,CZ,
https://www.kadernickyservis.sk/,OK,"info@kadernickyservis.sk, info@kadernickyservis.cz","+421 910 742 063, +421 917 287 412, +420775821244, 00421910742063, 0910 742 063",Majerík Manažér|Manažér|5,5,SK,
https://pepperfield.sk/,OK,"eshop@pepperfield.com, hello@pepperfield.cz, eshop@pepperfield.cz, office@pepperfield.cz, spoluprace@pepperfield.cz","+420214214710, +420724012633, +420771500638, 0511477388, 0419445112",,,CZ,
https://www.kare.sk/,OK,"info@kare.sk, reklamacie@kare.sk, logistika@exterio.sk, info@belini.sk, reklamacie@belini.sk","+421 232 447 770, +421 905 244 737",Peter Sch|zakladatelia|3,4,SK,
https://kidero.sk/,OK,info@kidero.sk,"+421 2 2220 5992, 24259331",,,CZ,
https://www.kiehls.sk/,OK,"CESLOR.DPO@loreal.com, kiehls@sk.oaccare.com, kiehls@cz.oaccare.com",,,4,UNKNOWN,
https://www.kitos.sk/,OK,"eshop@kitos.sk, shop@kitos.cz, lehoucka@utc.cz, shop@kitos.sk","+421 277 270 049, +420731128629, 30003745, 44210822, 44161031",,4,SK,
https://www.knifestock.sk/,OK,info@knifestock.sk,"421243421089, 421 233 331, 301535500, +421 2 63454136",,5,SK,
https://www.knihyprekazdeho.sk/,OK,"kpkpiestany@gmail.com, kpkcentrum@gmail.com, kpkdanubia@gmail.com, kpkretro@gmail.com, kpkpbystrica@gmail.com","+421915800804, 0915 800 804",,4,SK,
https://www.kolorky.sk/,OK,"showroom@kolorky.cz, jsme@kolorky.cz, %20jsme@kolorky.cz","+420 777 898 620, +420 792 778 832, 443419080, 34837859, 0280604151",,,CZ,
https://www.kompava.sk/,OK,"obchod@kompava.sk, objednavky@kompava.sk, sekretariat@kompava.sk, hr@kompava.sk, sales.manager@kompava.sk","+421 327 740 001, +421 903 473 211, +421 901 722 022, +421 903 237 425, +421 902 522 440",Želmíra Komorechová|majiteľka|7,3,SK,
https://www.konopnafarmaliptov.sk/,OK,"info@konopnafarmaliptov.sk, matej.kovac@konopnafarmaliptov.sk, tomas.zilla@konopnafarmaliptov.sk, ekonom@konopnafarmaliptov.sk","+421905311977, +421908638414, +421904383582, +421911509677, +421918342201",Lukáš Kubáň|CEO|3,5,SK,
https://www.kosmetikomat.sk/,OK,info@kosmetikomat.cz,"+420 734 714 402, +420 212 246 813, +420 212 246 577",Predávajúci Predávajúcim|majiteľ|3,2,CZ,
https://www.koze.sk/,OK,"koze@koze.sk, statny.dozor@pdp.gov.sk","Rýchly nákup - 0911 963 498, 0904 640 409, +421 911 963 498",,5,SK,
https://www.kralux.sk/,OK,"info@kralux.sk, platby-podpora@comgate.cz","+421 222 205 736, +420 592 750 316, +420 228 224 267",,0,CZ,
https://www.krasnevone.sk/,OK,"info@krasnevone.sk, marketing@krasnevone.sk, velkoobchod@krasnevone.sk, feedback@krasnevone.sk","+421222205898, +421910644135, 207-444016, 207-444008, 207-444003",,2,CZ,
https://www.kupkresla.sk/,OK,"obchod@kupzidle.cz, obchod@kupkresla.sk, zss@zss.sk","+420736148302, +421 905 719 874",,2,CZ,
https://kytary.sk/,OK,"komunikacia@kytary.sk, reklamacia@kytary.sk","+421 220 924 324, 02/ 58272 172, 02/58272 104",,2,CZ,
https://www.l2.sk/,OK,"info@L2.sk, L2@L2.sk, staznosti@L2.sk","052/4524331, +421 948 320 091",,4,SK,
https://lacnekryty.sk/,OK,"info@lacnekryty.sk, objednavky@lacnekryty.sk","+421948755860, 948 755 860",Evia Majitelia|Majitel|3,5,SK,
https://www.lampyasvetla.sk/,OK,info@lampyasvetla.sk,"+421 800 601 760, 857149039",,,SK,
https://lanotte.cz/,OK,"sluzebnicek@lanotte.cz, info@lanotte.cz","00420777898441, +420 777 898 441, 777 898 441",,,CZ,
https://www.leifheit-online.sk/,OK,administrator@allset.cz,,,,SK,
https://lelosi.sk/,OK,info@lelosi.sk,,,,SK,
https://www.libristo.sk/,OK,info@libristo.sk,,Lukáš Kavina|konateľ|3,,CZ,
https://www.littleshoes.sk/,OK,"shoes@littleshoes.sk, reklamace@littleshoes.cz, lucie@littleshoes.cz","+420 773 00 10 80, 27 140 141, 54 150 287, 57 175 207, 46 178 106",,7,CZ,
https://www.lkbaits.cz/,OK,"info@lkbaits.cz, objednavky@lkbaits.cz, krasa@lkbaits.cz, reklamace@lkbaits.cz, fakturace@lkbaits.cz","+420733359542, 00420733359542, 00420605280710, 00420733367748, 00420773820343",,,CZ,
https://www.londonclub.sk/,OK,"info@londonclub.sk, info@londonclub.cz",420 577 544,London Clubu|zakladateľov|3,,CZ,
https://www.lubica.sk/,OK,"eshop@lubica.eu, predajna@lubica.eu, reklamacie@lubica.eu","+421 2 4020 8046, +421 2 4445 8684, 200 205 210, 215 218 220, 225 230 235",Súhlas Detaily|obchodný manažér|3,5,SK,
https://www.lumories.sk/,OK,info@lumories.sk,+421 258 419 273,Ansgar Weber|Konatel|3,8,SK,
https://www.luxivo.sk/,OK,"info@luxivo.sk, platby-podpora@comgate.cz","0902248611, +420 228 224 267",,4,UNKNOWN,
https://www.luxusnabielizen.sk/,OK,"info@luxusnipradlo.cz, info@luxusnabielizen.sk","+420 774 759 760, +420555500100, 555 500 100, 25870262, +420 774 759 764",Romana Zavadilová|CEO|3,,CZ,
https://www.luxusne-holenie.sk/,OK,"obchod@luxusne-holenie.sk, obchod@luxsne-holenie.sk, obchod@luxusni-holeni.cz, michal.byrtus@luxusne-holenie.sk","+420725548405, +420 773 163 895, +420 601 266 651, 420 777 163",Michal Byrtus|majiteľ|5,,UNKNOWN,
https://www.luxusne-pera.sk/,OK,"obchod@luxusne-pera.sk, info@ezapalovace.cz, obchod@luxusne-holenie.sk","+420725548405, +420 601 266 651, +420 773 163 895",Michal Byrtus|majiteľ|3,,UNKNOWN,
https://www.mackoviahracky.sk/,OK,"info@mackoviahracky.sk, shipment@darya.sk, rebox.sklad@gmail.com, info@mackovihracky.sk, statny.dozor@pdp.gov.sk","+421 944 627 725, 00421944627725, 00421904801759, 421 944 627, 421 904 801",Luxe Hry|majiteľ|3,5,SK,
https://www.mamido.sk/,OK,info@mamido.sk,"+421220512320, 0386491064",,,CZ,
https://manboxeo.sk/,OK,"podpora@manboxeo.sk, info@manboxeo.cz","+421 944 766 858, 944766858, 776 838 305",,,CZ,
https://www.manucafe.sk/,OK,"petra@manucafe.sk, info@manucafe.sk, zbynek.kasing@gmail.com","0221201040, +421 0221 201 04, 299 149 009",Malé Hoštice|majiteľ|5,+,CZ,
https://www.manutea.sk/,OK,"petra@manutea.sk, info@manutea.sk, info@manucafe.sk, zbynek.kasing@gmail.com","0221201040, +421 0221 201 04, +420 777 707 586, 299 149 009",Malé Hoštice|majiteľ|5,,CZ,
https://www.marimex.sk/,OK,"info@marimex.sk, info@marimex.cz","02/33004194, +421233004194",,3,SK,
https://www.marionnaud.sk/,OK,"info@marionnaud.sk, eshop@marionnaud.sk","0901902662, 421 901 902, 50371607",,,SK,
https://www.martons.sk/,OK,info@martons.sk,"+421944607208, +421910149253",Zoltán Márton|Zakladateľ|5,5,UNKNOWN,
https://www.mastersport.sk/,OK,"info@mastersport.sk, marketing@mastersport.cz, ales.smolka@mastersport.cz, vitezslav.rak@mastersport.cz, poradna@mastersport.sk","0918 665 685, 596 633 216, 041 421 5450, +421918665685",Třebovice Czech|Provozní|5,2,UNKNOWN,
https://www.mebik.sk/,OK,"info@mebik.sk, renovacie@mebik.sk","+421911894228, +421 904 359 191, +421 904 005 261, 0904 005 261, 0904 359 191",Slečna Eska|majiteľ|3,5,SK,
https://merch.sk/,ERROR,,,,,,HARD_TIMEOUT_100s
https://www.metalshop.sk/,OK,sklad@metalshop.sk,"+420 228 885 606, 52195500, 52106200, 52033400, 51927400",Kupujúceho Predávajúcim|majiteľ|3,2,CZ,
https://www.miadresses.sk/,OK,eshop@miadresses.sk,+421 902 469 024,,4,SK,
https://www.milenialcafe.sk/,OK,"info@milenialcafe.sk, INFO@MILENIALCAFE.CZ",+420731844127,,,CZ,
https://www.milinko-oblecenie.sk/,OK,"eshop@milinko-oblecenie.sk, platby-podpora@comgate.cz","00420 228 224 267, +421 908 440 229",,4,SK,
https://www.minikoioi.cz/,OK,"objednavky@minikoioi.cz, dnformed@dnformed.cz, gdpr@dnformed.cz","46982604, 532 198 888, +420 532 198 888, 532 198 877",,,CZ,
https://www.ministerstvohraciek.sk/,OK,"info@ministerstvohraciek.sk, info@ministerstvohracek.cz, silesgroup@gmail.com","+421220512321, +421 412 399 900, 421 220 512",Česká Republika|majiteľ|3,,CZ,
https://www.mobilego.sk/,OK,"obchod@mobilego.sk, reklamacie@mobilego.sk",+421 2 20 400 824,,4,SK,
https://sk.mobilfox.com/,OK,"info@mobilfox.hu, slovensko@mobilfox.hu","25540998, 43659688",Diller Kevin|generálny riaditeľ|5,,SK,
https://www.mobilonline.sk/,OK,info@mobilonline.sk,"+421 940 600 100, +421948349178, +421940642867, +421948198867, +421948909927",Huawei Veľkou|majitel|3,,SK,
https://www.mojaparty.sk/,OK,info@mojaparty.sk,"+421233059278, +421222205820",,,UNKNOWN,
https://www.mojkoberec.sk/,OK,"info@mojkoberec.sk, prodejna@mujkoberec.cz, predajna@mojkoberec.sk, ostrava@mujkoberec.cz, radka@mojkoberec.sk","+421 940 400 178, 00421232195596, +421 232 195 596, +420778527991, +421948048247",Marek Černý|Founder|5,0,CZ,
https://www.myaustria.sk/,OK,info@myaustria.sk,50337939,Branislav Lipan|Konateľ|7,,SK,
https://www.nabytok-harmonia.sk/,OK,"eshop@nabytek-harmonia.cz, expedice@nabytek-harmonia.cz, reklamace@nabytek-harmonia.cz, d.jurasek@nabytek-harmonia.cz","+420727897211, +420 778 496 752, +420 602 605 531, +420 778 946 752",,+,CZ,
https://www.najlacnejsie-knihy.sk/,OK,info@najlacnejsie-knihy.sk,+421 02 210 210 99,Lukáš Kavina|konateľ|3,,CZ,
https://www.nakupujzdravo.sk/,OK,"info@nakupujzdravo.sk, business@nakupujzdravo.sk, info@epadia.sk, platby-podpora@comgate.cz","+421 949 449 169 (8.00–15.00), +421949449169, +421918 846 327, 620610025, 999995321",,3,SK,
https://www.naturalprotein.sk/,OK,"info@naturalprotein.sk, info@naturalprotein.cz","+421 412 901 900, 724625716",Havlíčkovom Brode|prevádzkar|3,,CZ,
https://www.navlas.sk/,OK,"navlas@navlas.sk, info@pe-pe.cz, musialova@pe-pe.cz, hovorkova@pe-pe.cz, bezdek@pe-pe.cz","+420733546074, +420603930685, +420776246638, +420721219422, +420737929743",Tomáš Peroutka|riaditeľ|3,,SK,
https://www.navlasil.sk/,OK,"info@navlasil.sk, platby-podpora@comgate.cz","+421 222 205 738, +420 592 750 318, +420 228 224 267",,0,CZ,
https://nechtovyraj.sk/,ERROR,,,,,,HARD_TIMEOUT_100s
https://www.nefertitis.sk/,OK,"info(at)nefertitis.cz, info@nefertitis.cz","+420 601 392 805, 925 015090",,,UNKNOWN,
https://www.nekonecno.sk/,OK,"objednavky@nekonecno.sk, info@nekonecno.sk, borymall@nekonecno.sk, eurovea@nekonecno.sk, lakatosova@nekonecno.sk","+421 948 950 813, +421 947 920 946, 0533070837, 0477547800, 0995422630",Henrieta Lakatošová|konateľka|3,5,SK,
https://www.novakabelka.sk/,OK,info@novakabelka.sk,"02 333 234 30, +420 730 885 275",,,CZ,
https://www.nutraceutics.sk/,OK,"info@nutraceutics.sk, info@nutrceutics.sk","950 439 360, +421 950 439 360, +421 907 648 090",,2,CZ,
https://nutrifoodketo.sk/,OK,"info@nutrifood.sk, nutrifood@nutrifood.company, obchod@nutrifood.sk",+421948172718,,5,SK,
https://www.ochranneskla.eu/,OK,info@ochranneskla.eu,"+421904262470, +420 771 209 960",,5,SK,
https://www.odimon.sk/,OK,"office@odimon.com, info@odimon.sk, b2b@odimon.com, marketing@odimon.com, tender@odimon.com","0907123002, 0917104088, 0907 901 977, 0901 763 601, 0918 783 398",Igor Boledovič|CEO|3,5,SK,
https://www.odsuseda.sk/,OK,"objednavky@odsuseda.sk, info@odsuseda.sk","00421220 570 341, 20300000, +421 220 570 341, 420 601 170",Jan Ježek|riaditeľ|3,,CZ,
https://www.okfish.sk/,OK,"okfish@okfish.sk, ncrcra@gmail.com","0915 830 641, 686625824, +421 915 830 641, +421 904 044 360",Banská Bys|majiteľ|3,3,SK,
https://www.originalnehracky.sk/,OK,"obchod@originalnehracky.sk, sales@robotime-eu.com","+421905313888, 38600000",Sofia Bulharsko|sales|5,5,SK,
https://www.oxybag.sk/,OK,"info@oxybag.sk, info@oxybag.cz, sales@kartonpp.cz, reklamace@kartonpp.cz, gdpr@kartonpp.cz","Po–Pia: 8:00 – 15:00 hod. +420 737 283 639, +420 737 283 639, 26126 106, 24826 105, 24726 105",,2,CZ,
https://papilora.sk/,ERROR,,,,,,HARD_TIMEOUT_100s
https://www.penepex.sk/,OK,"info@penepex.cz, jan.novak@penepex.cz, petra.novotna@penepex.cz, info@penepex.sk, marco.sigismondi@penepex.cz","+420 728 706 343, 420 728 706",Staré Mesto|majiteľ|5,,CZ,
https://www.petcenter.sk/,OK,"infosk@petcenter.sk, pr@petcenter.cz, velkoobchodcz@petcenter.cz, velkoobchod@petcenter.cz, gdpr@petcenter.sk","233456818, +421233456818, 420 255 734",Česká Republika|majiteľ|3,+,SK,
https://www.pidilidi.sk/,OK,info@pidilidi.cz,"+420 725 518 759, 27711242",,2,UNKNOWN,
https://plantizia.sk/,OK,info@plantizia.sk,+421940842624,,5,SK,
https://www.pobalsa.sk/,OK,info@pobalsa.sk,0901 790 790,,5,SK,
https://pompo.sk/,OK,"info.eshop@pompo.sk, marcela.boskova@pompo.sk","046/8775550, 211991203, +421 903 733 007",Vladimír Šůla|zakladateľ|3,3,UNKNOWN,
https://premamku.sk/,OK,"info@premamku.sk, sales@yourcompany.com",+421903776896,Cookies Používame|sales|5,,SK,
https://www.prevysavace.sk/,OK,"info@prevysavace.sk, info@provysavace.cz, info@provysavace.sk","+421233889308, 960068000, +420 777 753 932, +421 2 58 27 21 72",,,CZ,
https://www.prezuvky.sk/,OK,info@prezuvky.sk,"+421918657972, +421905331930",,3,SK,
https://profikuchar.sk/,OK,profikuchar@profikuchar.sk,"+421 2 800 12 333, 02/ 58272 172, 02/58272 104, 02/ 58272 170",,4,SK,
https://www.puellavone.sk/,OK,"podpora@puellavone.sk, support@PUELLAvone.sk, gdpr@puellavone.sk","+421 552 302 652, +421905491699, +421 907 531 851",,5,SK,
https://www.puravia.sk/,OK,"info@puravia.sk, poradna@puravia.cz","+421950105034, +420227072207, +420 777 926 804",Evou Hájkovou|zakladateľkou|5,7,CZ,
https://www.rajapack.sk/,OK,info@rajapack.sk,"0800 400 414, 40267135, 503620128",Manager Captcha|Manager|3,,SK,
https://www.rajhraciek.sk/,OK,info@rajhraciek.sk,"+421 2 20 862 555, +421 2 58 272 172, 02/ 58272 170",,5,SK,
https://www.rastlinkovo.sk/,OK,"rastlinkovo@rastlinkovo.sk, sluzby@rastlinkovo.sk","00421950890198, 0950 890 198, +421 950 890 198",,5,SK,
https://www.rehabilitacnepomocky.sk/,OK,"info@rehasport.cz, bratka@rehasport.cz, martin@rehasport.cz, marek@rehasport.cz, ucetni@rehasport.cz","+420 800 200 900, +420 733 487 352, +420 721 721 524, +420 775 096 009, +420 602 371 321",Jan Kalista|konateľ|5,2,CZ,
https://remixshop.com/sk,OK,sk@remixshop.com,02 3332 9977,,,UNKNOWN,
https://www.remoska.sk/,OK,"info@remoska.eu, bordovska@remoska.cz","+420 556 802 603, +420 602 165 850, 20040000, 20050000, 20030000",Jakub Lašek|majitel|3,,CZ,
https://www.restorio.sk/,OK,"info@restorio.sk, info@restorio.cz",+420-212243241,,,SK,
https://www.sablio.sk/,OK,info@sablio.sk,"+420228222126, 228222126",,,CZ,
https://satelity.ellano.sk/,OK,"info@ellano.sk, pc@ellano.sk","+421908072878, +421911072878, 0908072878, 42607 139, 41929 129",Zuzana Nodžáková|Zodpovedný vedúci|7,5,SK,
https://www.saxana.sk/,OK,info@saxana.sk,"+421 232 115 470, 32 115 470",Roman Melíšek|konateľ|5,4,SK,
https://www.sexicekshop.sk/,OK,info@sexicekshop.sk,"+420720406406, 33 527 669",,,SK,
https://www.sexshop51.sk/,ERROR,,,,,,HARD_TIMEOUT_100s
https://www.shooos.sk/,OK,,,,,SK,
https://www.shox.sk/,OK,"obchod@shox.sk, hrmova@invelity.com, info@shox.sk, hello@affial.com",+421 948 004 010,,5,UNKNOWN,
https://www.sidas.sk/,OK,sidas@sidas.cz,"+420775610757, 26168685",,,UNKNOWN,
https://skinnersfootwear.sk/,OK,"hello@skinnersfootwear.sk, ECCNET-CZ@ec.europa.eu",+420 731 460 751,Peter Pro||4,,CZ,
https://www.skinny.sk/,OK,"info@skinny.sk, info@skinny.cz",+420 774 258 991,,,UNKNOWN,
https://www.sklenenyshop.sk/,OK,"info@sklenenyshop.sk, info@sklenenyshop.cz, reklamace@sklenenyshop.cz","+421 222205104, 28656563, 420 581 332",,,CZ,
https://skvelamoda.sk/,OK,"info@skvelamoda.sk, eshop@skvelamoda.sk","+421903776896, +421 915 329 538",Slovenská Obchodná|majiteľ|3,4,SK,
https://www.slippsy.sk/,OK,"slippsy@slippsy.com, info@slippsy.sk","+421905703930, 905 703 930",,,UNKNOWN,
https://slowlandia.com/,OK,"info@slowlandia.com, obchod@organica.sk, obchod@slowlandia.com, kariera@slowlandia.com, sutaz@slowlandia.com",,Michal Repík|zakladateľ|3,5,SK,
https://www.sluchadla-nausniky.sk/,OK,objednavky@sluchadla-nausniky.sk,"+421222205125, 25942344",Havlíčkův Brod|majiteľ|3,2,CZ,
https://www.smarty.sk/,OK,"bystrica@smarty.sk, bratislava.avion@smarty.sk, bratislava.eurovea@smarty.sk, kosice@smarty.sk, nitra.mlyny@smarty.sk","+421 947 498 242, +421 947 498 212, +421 947 498 227, +421 947 498 219, +421 947 498 218",,,SK,
https://www.soaphoria.sk/sk/,OK,"info@soaphoria.eu, timea@soaphoria.eu, podpora@soaphoria.eu, info@soaphorie.eu","+421917794437, +421 907 131 757",Soaphoria Zatvoriť|zakladatelka|3,5,SK,
https://www.softcotton.sk/,OK,"info@softcotton.sk, reklamacie@softcotton.sk, marek.zadrapa@softcotton.cz, marketing@softcotton.cz","+421944910414, 28604679, 094995/2010, +421 0944 910 41, 421 944 910",Marek Zádrapa|Zodpovedná osoba|5,0,CZ,
https://www.sorrygravity.sk/,OK,info@sorrygravity.sk,+420724382832,,,CZ,
https://spinkids.sk/,OK,info@spinkids.sk,+421 905 901 708,Vlastníkom Tovaru|Vlastník|3,2,CZ,
https://www.esportago.sk/,OK,"info@esportago.sk, info@sportago.cz","+420 799 537 977, +420 555 222 302, 22122180, 799 537 977",,,CZ,
https://sportano.sk/,OK,"kontakt@sportano.sk, gdpr@sportano.sk","+421 233 221 479, 208 705 654, 33 221 479",,3,SK,
https://www.status-pomocnici.sk/,OK,,,,3,SK,
https://www.supershape.sk/,OK,"redakcia@cvicte.sk, kamil.simkovic@supershape.sk, jana.simkovicova@supershape.sk, podpora@supershape.sk, eshop@supershape.sk","+421 908 825 390, +421 948 25 24 23, 44748485, 28990218",Pohyb Strava|CEO|3,,SK,
https://www.superstrava.sk/,OK,"obchod@superstrava.sk, info@superstrava.sk",0940 643 179 (09:00-15:00),Patrik Mikša|CEO|5,5,SK,
https://www.svetplodu.cz/,OK,"zakaznici@svetplodu.cz, velkoobchod@svetplodu.cz, svetplodupurchase@gmail.com, ondruchova@svetplodu.cz, purchase@svetplodu.cz","+420 603 738 106, +420 739 125 469",Tomáš Hofman|majitel|5,,CZ,
https://www.svihej.cz/,OK,"info@svihej.cz, dominikamartykanova@svihej.cz, misa.spackova@svihej.cz, tomaspetruska@svihej.cz, simonkracik@svihej.cz","+420 555 222 531, 602476355, 732132821, 723126359, 774195189",Tomáš Vaněček|Zakladatel|5,0,CZ,
https://www.svojtka.sk/,OK,"obchod@svojtka.sk, svojtka@svojtka.sk, objednavky@svojtka.sk, platby-podpora@comgate.cz","+421 233 329 180, +420 228 224 267, +421 2 3231 3214",,3,SK,
https://www.swee.sk/,OK,"info@swee.sk, platby-podpora@comgate.cz, ecc@economy.gov.sk","+421232180240, +420 228 224 267, +421 2 5827 2132",Lukáš Říha|konateľ|3,2,CZ,
https://www.symprove.sk/,OK,"help@symprove.sk, marketing@symprove.sk",+421800007772,,5,SK,
https://www.tasteofasia.sk/,OK,"info@tasteofasia.sk, platby-podpora@comgate.cz","+420 553 038 926, +420 228 224 267, 553 038 926",Dolní Suchá|prevádzkar|5,,CZ,
https://tiahome.sk/,ERROR,,,,,,HARD_TIMEOUT_100s
https://www.tonerpartner.sk/,OK,"info@tonerpartner.sk, reklamacie@tonerpartner.sk","+421233006877, 48158836, 33574011, 29964012",,,SK,
https://www.tpmove.sk/,OK,"info@puori.sk, p.cervenka@puori.com, hello@affial.com","+421907974012, +421907468433, 02/58272 172",Zakladateľ Puori|Zakladateľ|3,4,SK,
https://www.trenirkaren.sk/,OK,"objednavky@trenirkaren.sk, reklamacie@trenirkaren.sk, marketing@trenyrkarna.cz, adam.rozanek@trenirkaren.sk","911 060 067, +421 911 060 067, 827725-001, 701231276, 701224140",Adamom Rožánkom|majiteľ|3,2,CZ,
https://www.triola.sk/,OK,"info@triola.cz, triolaklub@triola.cz",476 769 977,,2,SK,
https://www.tufi.sk/,OK,info@tufi.sk,"+421949053926, 0552110202, 950912020, 0301712020, 242501 109",Nové Mesto|majiteľ|3,4,SK,
https://tvrdeneskla.eu/,OK,info@tvrzenaskla.eu,"+420 591 142 359, +421 222 205 145",,,CZ,
https://www.uni-max.sk/,OK,"e-shop@uni-max.sk, reklamace@uni-max.cz, reklamace@uni-max.sk, obchod@khnet.cz","+420 266 190 190, 23876794, 601609840",Renáta Schejbalová|Kontaktná osoba|5,0,CZ,
https://unizdrav.sk/,OK,"obchod@unizdrav.sk, reklamacie@unizdrav.sk, bratislava@unizdrav.sk, presov@unizdrav.sk, poprad@unizdrav.sk","905 684 954, 0905 684 954, +421 905 684 954, 0908 762 347, 051/7461815",Ján Lamanec|konateľ|3,3,SK,
https://vegmart.sk/,OK,"info@vegmart.sk, platby-podpora@comgate.cz, zss@zss.sk, tkidaho@stonline.sk","+421948091081, +420228224267",Roman Súlovec|konateľ|5,4,SK,
https://www.vesely-drak.sk/,OK,"eshop@vesely-drak.cz, info@vesely-drak.cz",+420605737588,,2,CZ,
https://www.vidaxl.sk/,OK,,,Wouter Bakker|Zakladateľmi|3,,SK,
https://www.vitaminyprezdravie.sk/,OK,info@vitaminyprezdravie.sk,+421 2 4020 0810,Karlova Ves|majiteľ|3,3,SK,
https://www.vsetkonamobil.sk/,OK,info@vsetkonamobil.sk,+421 43 2304 300,Adobe Commerce|Manager|3,,SK,
https://www.vitanella.sk/,OK,"info@vitanella.sk, info@torbia.sk","+421918785620, +421915572350, +421 2 3220 1144, +421 46 542 27 71, +421 46 542 06 85",,3,SK,
https://www.vivantis.sk/,ERROR,,,,,,HARD_TIMEOUT_100s
https://www.xupe.sk/,OK,info@xupe.sk,,,2,SK,
https://www.zajtra-doma.sk/,OK,objednavky@zajtra-doma.sk,"+421222205125, 25942344",Havlíčkův Brod|majiteľ|3,2,CZ,
https://www.zapakuj.sk/,OK,info@zapakuj.sk,"+421 950 887 079 (Po - Pia, 16:00 – 21:00), +421 950 887 079, 0950 887 079, 776 820 772, 22458735",Milan Lajčin|jednateľ|3,,CZ,
https://www.zapardrobnych.sk/,OK,info@zapardrobnych.sk,+421222205480,,,CZ,
https://zapatos.sk/,OK,info@zapatos.sk,+421233221537,,2,SK,
https://zlatezrnko.sk/,OK,,,,,SK,
https://www.zoohit.sk/,OK,service@zoohit.sk,+421 232 179 070,Greyfriars Bobby|majiteľ|3,2,SK,
